,mean1,mean2,var1,var2,null1,null2,d-mean,d-var,d-null
TransactionDT,7360791.131031784,7690033.087983352,21380726621554.39,19505920150175.516,0.0,0.0,0.04472915357746565,-254701.76208030476,0.0
TransactionAmt,134.51166457849672,149.24477858974976,57310.00326114115,53922.48863161088,0.0,0.0,0.10953038204843013,-25.183798298425067,0.0
ProductCD,0.1449391710842866,0.30673183951991484,0.0834385670152202,0.09525619984138901,0.0,0.0,1.1162797967261784,0.08153512082179971,0.0
card1,9911.464380910267,9547.654164448531,24065621.401238583,22677133.348691277,0.0,0.0,-0.036706000493977764,-140.08909270980877,0.0
card2,362.4539810854575,365.37084980237154,24877.5115431294,25479.66531950113,0.014933046955746598,0.02047137395344334,0.008047556018501378,1.6613247689222066,-1.5280083229078793e-05
card3,152.8620342006964,162.3686481768813,118.90663620617445,306.10212713529415,0.0026777708172114334,0.0018874316410976144,0.062190811641976707,1.22460421194805,5.170277762208521e-06
card4,0.5570458580324136,0.5489121650017781,0.03008598910359192,0.03350131401168096,0.002695318463457941,0.001984223007307717,-0.014601478340338425,0.006131137784872115,0.0012765474258473817
card5,199.54221247446222,191.99432846037257,1684.85412105652,2095.797933801164,0.007105041965196013,0.01016309345206412,-0.03782600142842274,2.0594329773567965,-1.5325336172963815e-05
card6,0.25182415610236747,0.17251745539177657,0.020555340849017854,0.027744891321149157,0.0026882994049592934,0.0018874316410976144,-0.31492888505244276,0.028549884107260635,0.0031802658500168796
addr1,290.6433410429918,294.3171335706547,10341.377532268201,10729.842921339483,0.10171493146766764,0.3746309829163239,0.012640208836298239,1.3365707525837314,-0.0009390067237366594
addr2,86.81362030974074,86.28602383531961,6.800317855549817,24.36644655248501,0.10171493146766764,0.3746309829163239,-0.00607734676354621,0.20234300371602196,-0.0031437008441178244
dist1,117.36009832386924,174.5888538380652,137375.40268872457,179973.05536585054,0.5902378934401634,0.7698785268354063,0.4876338409010732,362.9653799332431,-0.0015306789612556646
dist2,235.19975808354968,201.4722594478692,288152.62116648525,203933.1452758319,0.9405204982829628,0.8194357063349949,-0.14339937638753653,-358.0763712381719,0.0005148168218138862
P_emaildomain,0.061708621046588925,0.0472104908772045,0.012952536134160053,0.01041160043083551,0.1608522540828986,0.13502395586313698,-0.23494497079165966,-0.04117634878611502,0.4185525098715415
R_emaildomain,0.0642037350950069,0.03213953046001392,0.014216801596702114,0.008113170988751722,0.7787873523584914,0.4566616657794125,-0.4994133844011608,-0.09506659696540098,5.017242160481882
C1,13.314952173890156,35.53574021197309,16329.764971895682,59037.46284753913,0.0,0.0,1.6688597711718862,3207.4991571799073,0.0
C2,14.1732830066839,45.50941296036394,21752.097990269955,82836.69625008125,0.0,0.0,2.2109295312104056,4309.841144850121,0.0
C3,0.005839856670825459,0.00024197841552533515,0.02347276417501263,0.0002419315704153699,0.0,0.0,-0.958564322865285,-3.9779799255438926,0.0
C4,3.6938778017010687,15.077336301601898,4334.807492104003,15793.88841431565,0.0,0.0,3.081709550505063,3102.181917586614,0.0
C5,5.722536617550805,1.4067173208149832,682.3505876540986,167.60129453275923,0.0,0.0,-0.7541794111896752,-89.95124496759404,0.0
C6,8.78637670936009,16.923147655229155,4718.2028804761385,15951.376341035548,0.0,0.0,0.9260667070194017,1278.47619469727,0.0
C7,2.5174835973376712,11.977157237574408,3464.590544350312,13257.951273749686,0.0,0.0,3.757590973081485,3890.138843310122,0.0
C8,4.5608806812698175,21.242607559405702,8285.189428972624,31221.39535419149,0.0,0.0,3.6575670454705786,5028.898479938545,0.0
C9,4.580904300401666,1.703963606446305,285.2535518547506,71.45794915209719,0.0,0.0,-0.6280289884473471,-46.67104761038279,0.0
C10,4.723526304799106,19.493926341770315,8324.573040293819,31300.398460350203,0.0,0.0,3.126985875354282,4864.125642046903,0.0
C11,9.747824530556594,23.857474713255577,8155.2764024374865,29229.453163441616,0.0,0.0,1.4474665745643382,2161.9364089846626,0.0
C12,3.549702830610816,18.597541499298263,6822.953111628095,26270.723799976193,0.0,0.0,4.239182654650019,5478.703884911294,0.0
C13,32.81447400052994,24.967768475052026,16341.062571318414,27549.04503599866,0.0,0.0,-0.23912330654305758,341.5560604292862,0.0
C14,8.220491439380778,10.356047040603977,2294.2878127683343,6872.837651820845,0.0,0.0,0.2597844200643147,556.9678981865587,0.0
D1,96.36470507549406,38.71130620361837,25272.49671495566,10183.958172997862,0.0021460771359433917,0.0022262014228330296,-0.5982833530877187,-156.57743704126042,-8.314692275233647e-07
D2,171.95622331245258,77.77420584498094,31603.466715995757,16563.135819517924,0.47028393846391414,0.6191259739631225,-0.5477092695641406,-87.46604575717414,-0.0008655809753902036
D3,28.845357388780762,11.744879925148144,3947.6162054459855,1764.4593403344056,0.44190939448337097,0.5344819242123602,-0.5928329204991494,-75.68486102240863,-0.003209269640215821
D4,142.43233894524275,72.10290382371113,36945.981587674876,19784.135709677896,0.28572130477278435,0.2950200842084886,-0.4937743467694464,-120.49121712867995,-6.528559107127413e-05
D5,43.491155181807066,13.687775735294117,8097.429554891969,2692.74183051501,0.5265311637423514,0.4734549678168707,-0.6852744959733813,-124.27096272296333,0.0012203905760517306
D6,72.62904580793963,45.8564394920964,21786.04431182398,10286.91809446122,0.8851173147889808,0.6264821177950927,-0.3686212040653922,-158.32682488726434,0.0035610435758418675
D7,46.943007214658735,11.292227979274612,11116.698677703955,2184.913378866655,0.9418699122793164,0.7197889948216619,-0.7594481340396866,-190.26870728571905,0.004730862606269204
D8,157.34372693771584,49.30919122987587,56638.20068417504,17756.893336628676,0.8822570484508061,0.6212069883366405,-0.686614826090939,-247.1106290938274,0.0016591068814424468
D9,0.5658463949757355,0.5199998736255879,0.09895805573327322,0.11101429202602371,0.8822570484508061,0.6212069883366405,-0.08102290967518422,0.021306553156121955,0.46134439033646213
D10,126.39612971404807,52.36365261965786,33749.601513047535,16141.976416032874,0.12658170096354127,0.1880656245462905,-0.5857179113148272,-139.30509689536555,-0.00048643834049228574
D11,147.80820063772543,87.31444480838519,34802.9043787522,21480.13042849597,0.4645388390828197,0.7044959589604607,-0.4092719860490628,-90.135553323662,-0.0016234357690732633
D12,55.34578686601656,44.20255330350092,16171.211550887794,9870.302128533094,0.8997695994047838,0.6322895997677007,-0.20133842508178001,-113.84623435941403,0.004832888188663938
D13,19.316574435271704,6.492321193505924,4998.9388251488435,981.5957938652223,0.9032861477125765,0.6691187146106568,-0.6638989373990107,-207.97388505634973,0.012122616972620903
D14,58.15216284061557,54.46457784555663,18915.306753457848,16024.047448646637,0.9035335695246518,0.6509219377631515,-0.06341268862459903,-49.718861063441835,0.004343976550861273
D15,166.63314159656935,78.24580460120828,41451.20641401791,23090.857555173094,0.14886896646118375,0.20693994095726664,-0.53043071833425,-110.18425676265845,-0.00034849594708282486
M1,7.984720438967991e-05,0.0,7.984108381712461e-05,0.0,0.4505867055522508,0.6930745777476649,-1.0,-0.9999233464389632,-3036.8987123455904
M2,0.10472120550115299,0.18669189530116684,0.09375497406244129,0.15186197696947146,0.4505867055522508,0.6930745777476649,0.7827515870136861,0.5548733193907933,-2.3155565392411788
M3,0.2097106976090553,0.32308420056764425,0.16573265024893064,0.2187352898654624,0.4505867055522508,0.6930745777476649,0.5406185962431964,0.252741706650272,-1.1562971033907976
M4,0.4971753047742287,0.325732054936512,0.08891573871500691,0.10305923082469824,0.48469582032614056,0.2529642355901853,-0.3448346050002834,0.0284476963635875,0.4660963296259986
M5,0.44523396805870386,0.5357378781873431,0.2470017441687633,0.2487556691266284,0.5920365271804267,0.6336930745777476,0.2032726984494282,0.003939333212855468,-0.09356102720318174
M6,0.5393102344795485,0.6209157846295444,0.24845530779858305,0.23540645614478758,0.2761806495085781,0.5793447224507574,0.15131466998535248,-0.02419544599665908,-0.5621329868415018
M7,0.13435759089276617,0.15113140959103177,0.11630611436795349,0.12831734506182077,0.5798075725112612,0.7668779944828921,0.1248445926040247,0.08939748483175555,-1.3923323626793513
M8,0.36577706695173945,0.2997716421008927,0.23198517298407434,0.20995219036675894,0.5797847605711408,0.7668779944828921,-0.1804526057385536,-0.06023609626740877,-0.5114952543933988
M9,0.8435175866806419,0.759393813576915,0.13199621884028767,0.18275278860789962,0.5797847605711408,0.7668779944828921,-0.09972972043744288,0.06017250922692205,-0.22180122485411233
V1,0.9999442891458871,1.0,5.570793297464193e-05,0.0,0.4645388390828197,0.7044959589604607,5.571395798509293e-05,-5.571103668407912e-05,-0.2399704888385361
V2,1.0445293579815629,1.0789387487717,0.05632364534926404,0.12349738297985922,0.4645388390828197,0.7044959589604607,0.03294248316450332,0.06431005229034537,-0.22972750171553966
V3,1.075838857993033,1.1898132983950214,0.09889999262099203,0.2936947399115758,0.4645388390828197,0.7044959589604607,0.10594006672579814,0.1810631265484977,-0.223041878525636
V4,0.8456711027799716,0.8856862102849656,0.1923904925616498,0.25490728497606974,0.4645388390828197,0.7044959589604607,0.04731757697933925,0.07392565763322018,-0.283747569343248
V5,0.8745063854470141,1.0011464133639043,0.22184248695479528,0.44275052827296524,0.4645388390828197,0.7044959589604607,0.14481315405393724,0.25260883739030704,-0.27439150116094824
V6,1.0453289725935369,1.0635440550278414,0.05651396266405653,0.09653479224393081,0.4645388390828197,0.7044959589604607,0.017425215326340338,0.03828539209104643,-0.22955177381364456
V7,1.0718571704784907,1.1234850966262693,0.09127888886932199,0.17082591927007257,0.4645388390828197,0.7044959589604607,0.048166796444279125,0.07421420744448606,-0.22387042461125775
V8,1.0272819329700111,1.0488044546347854,0.03383258475623033,0.07362101105959606,0.4645388390828197,0.7044959589604607,0.02095093953667604,0.038731749314749465,-0.23358448365181747
V9,1.0403149957233726,1.1021945627251883,0.04963540378248797,0.1271466982570815,0.4645388390828197,0.7044959589604607,0.05948156784838843,0.07450752396460153,-0.2306581380294237
V10,0.46942293386466194,0.18866688503111692,0.2723334098576558,0.17733918893434122,0.4645388390828197,0.7044959589604607,-0.5980876275518507,-0.20236382603049835,-0.5111746839936508
V11,0.48460905727403514,0.1980019652800524,0.30566504701843544,0.20042843963577667,0.4645388390828197,0.7044959589604607,-0.5914191814865588,-0.21715773942530736,-0.49515607741097345
V12,0.5646234310043782,0.41398426323319026,0.25854306676911665,0.3010360233588968,0.12666943919477358,0.1881140202293955,-0.2667958138103196,0.07525893233688817,-0.1088240013796832
V13,0.6036315705929984,0.46667858845970434,0.27920150354499834,0.3843441627987466,0.12666943919477358,0.1881140202293955,-0.226881741786225,0.17418349929984234,-0.10179152984702192
V14,0.9994916524510188,0.9997615641392466,0.0005080901526454371,0.00023839321946688444,0.12666943919477358,0.1881140202293955,0.0002700489669582584,-0.00026983410268328325,-0.061475832123203324
V15,0.11148081841946107,0.4445636623748212,0.101685205151064,0.2648252879885891,0.12666943919477358,0.1881140202293955,2.9878040785643734,1.4633915067226126,-0.5511672941207579
V16,0.11248746712317483,0.44897472579876013,0.10830939267531232,0.28186720508397844,0.12666943919477358,0.1881140202293955,2.9913310991981765,1.5429079954180025,-0.5462349060392615
V17,0.12181654882246214,0.4966618979494516,0.11434352326657274,0.5453241768277299,0.12666943919477358,0.1881140202293955,3.077129936370932,3.537948314307254,-0.5044025760750493
V18,0.122903568680165,0.5050071530758226,0.11885357252701814,0.5711820804257306,0.12666943919477358,0.1881140202293955,3.108970622244625,3.680352920229828,-0.4999413905915187
V19,0.813956852745981,0.8879947544110635,0.1807749661625828,0.18423500110512003,0.12666943919477358,0.1881140202293955,0.09096047464347379,0.004250882501774389,-0.07548874467649146
V20,0.8444396221752051,0.948795898903195,0.20853816630518296,0.2764241834371294,0.12666943919477358,0.1881140202293955,0.12358050710502777,0.08039179516124288,-0.07276373516953867
V21,0.11935116367384582,0.4362184072484502,0.10703558616362306,0.2529808462447596,0.12666943919477358,0.1881140202293955,2.654915409459401,1.222822263216177,-0.5148218010050845
V22,0.12181253026476267,0.4431926561754888,0.1208545788597295,0.2762362206459159,0.12666943919477358,0.1881140202293955,2.638317463829034,1.275580118469425,-0.5044192161600333
V23,1.0279972914921105,1.2363495469718646,0.037063002552490364,0.7397838477649213,0.12666943919477358,0.1881140202293955,0.20267782532513912,0.6835823897866993,-0.05977115070550113
V24,1.0511522209563766,1.2641273247496423,0.06831916807428837,0.7912162041153106,0.12666943919477358,0.1881140202293955,0.20261109623066131,0.6877186972818305,-0.05845450336271696
V25,0.9775302346234913,0.9815212207916071,0.033598667069449875,0.05557505683728156,0.12666943919477358,0.1881140202293955,0.004082724018917849,0.02248154480489924,-0.06285696222816894
V26,0.9874279422372516,1.00619933237959,0.0424487866635425,0.083776767179286,0.12666943919477358,0.1881140202293955,0.019010389861772836,0.04185417360390388,-0.06222690123129864
V27,0.0008017022610414896,0.0,0.0008452653675939732,0.0,0.12666943919477358,0.1881140202293955,-1.0,-1.0543382608100553,-76.64264405940355
V28,0.0008579620688338748,0.0,0.0010018960601912992,0.0,0.12666943919477358,0.1881140202293955,-1.0,-1.167762651270885,-71.61689690796726
V29,0.39795174114058723,0.08786361468764903,0.2632358938393753,0.09445538193445038,0.12666943919477358,0.1881140202293955,-0.7792103775301518,-0.42412306432226066,-0.1544020912146605
V30,0.41692737059741886,0.09519551740581783,0.3104626447661497,0.11212952361865328,0.12666943919477358,0.1881140202293955,-0.7716736196296939,-0.47570184913334707,-0.14737478363816087
V31,0.13010281479874058,0.456962327134001,0.11838436102587302,0.2666424322021311,0.12666943919477358,0.1881140202293955,2.5123169920719075,1.1395454541517975,-0.472277107375979
V32,0.1315856625898399,0.46375774916547446,0.12681304937341314,0.2904300871232553,0.12666943919477358,0.1881140202293955,2.5243790245677005,1.2434260278024811,-0.4669549844966638
V33,0.11920850487551513,0.47138769670958514,0.107027423927024,0.2687490965377407,0.12666943919477358,0.1881140202293955,2.954312632322981,1.3566286464174386,-0.515437896807666
V34,0.1273179543130175,0.4902837386742966,0.11808454625360294,0.2898608792491153,0.12666943919477358,0.1881140202293955,2.850860951385613,1.3491917453621014,-0.4826073538972937
V35,0.5501223575198279,0.33225784306995265,0.2655570202347292,0.24027681172191606,0.28580377871014273,0.2950200842084886,-0.39602919509051726,-0.045953792219582686,-0.016753192035125868
V36,0.5863234759363545,0.38010571840461316,0.2882536762541114,0.31404329515266083,0.28580377871014273,0.2950200842084886,-0.35171328796346246,0.04398530837838887,-0.01571880689857671
V37,1.084947568082869,1.7539644401729937,0.23108680471913698,6.912962278839765,0.28580377871014273,0.2950200842084886,0.6166352105588799,6.158708190781678,-0.008494701282783
V38,1.1300626038073336,2.0659023820965197,0.3667663530854933,10.258048449346926,0.28580377871014273,0.2950200842084886,0.8281309151689609,8.752862065284141,-0.008155570733245103
V39,0.1487110691786813,0.6512665614059174,0.1706894392102543,0.8985606296815916,0.28580377871014273,0.2950200842084886,3.3794087757072004,4.894532696801312,-0.0619745762655512
V40,0.1568166406226966,0.745108807578774,0.20530604912557507,1.3331449267156383,0.28580377871014273,0.2950200842084886,3.751465180098571,7.192086714213334,-0.05877122135603215
V41,0.9992481646372026,0.9998627033706322,0.000751271952243556,0.0001372872035384638,0.28580377871014273,0.2950200842084886,0.0006150011130146016,-0.0006144467114713309,-0.009223239856229321
V42,0.1423966349225069,0.5395071051005698,0.13366304579187668,0.356104192023522,0.28580377871014273,0.2950200842084886,2.788763023748228,1.562123615861422,-0.06472277595156244
V43,0.1526864600839304,0.6231207523855289,0.16566819562643081,0.5925396766851951,0.28580377871014273,0.2950200842084886,3.0810478679183797,2.7957389333940736,-0.06036098743319954
V44,1.0524073473479376,1.9635477449028627,0.06992123222941474,9.067667434610971,0.28580377871014273,0.2950200842084886,0.8657678035515386,8.549680145293399,-0.008757355715513483
V45,1.0818689742606953,2.2079357451774557,0.12024246481883269,10.829545697367669,0.28580377871014273,0.2950200842084886,1.040853188054744,9.898891166434579,-0.008518874020436613
V46,1.0183118593429057,1.1333150271160843,0.021151003094122958,0.2006798172003683,0.28580377871014273,0.2950200842084886,0.11293511581745475,0.176300425512172,-0.009050572684376793
V47,1.0313166455366531,1.239651266561406,0.03626223402773401,0.5007810949082886,0.28580377871014273,0.2950200842084886,0.2020083957011518,0.4504134233563532,-0.00893644598701311
V48,0.39430570706921797,0.07214937873275211,0.26108958142004757,0.07889406858107083,0.28580377871014273,0.2950200842084886,-0.817021723400806,-0.46206663908872464,-0.023373502673467463
V49,0.40911145836404555,0.07956339671861055,0.2976559167077461,0.10069930133208364,0.28580377871014273,0.2950200842084886,-0.8055214658695491,-0.4814253215083546,-0.022527615176558477
V50,0.1520132480270464,0.5204915219331365,0.13117579070563773,0.25179412884133995,0.28580377871014273,0.2950200842084886,2.423987900321227,0.7934725407238298,-0.060628304558732055
V51,0.15352428968757065,0.6470790142102011,0.14178282410417647,0.5245526027773337,0.28580377871014273,0.2950200842084886,3.2148315131568967,2.4932196687059243,-0.06003157882769868
V52,0.16280675374197798,0.7383812727397543,0.15759327591392525,0.8544535926411646,0.28580377871014273,0.2950200842084886,3.5353233558723716,4.280291208506306,-0.056608864721620696
V53,0.5819562026181906,0.44304816144608145,0.2591939355306332,0.32031847387670365,0.12737309980925704,0.21821613512074722,-0.23869157257396534,0.10503288404019813,-0.15609943652596553
V54,0.6235496390436164,0.5101522842639594,0.2808178145447822,0.42783600726680554,0.12737309980925704,0.21821613512074722,-0.1818577827317529,0.23577624541249972,-0.14568693432462373
V55,1.0641356150334815,1.1764887953448062,0.1466440212715788,0.34172168912721834,0.12737309980925704,0.21821613512074722,0.1055816370808993,0.1833203072049249,-0.08536791178503308
V56,1.1136680809990147,1.3460443233873962,0.40291017507616245,1.4371084152952678,0.12737309980925704,0.21821613512074722,0.20865843814067886,0.9286413590047217,-0.08157101461505437
V57,0.11768585734681976,0.4554289959143246,0.11148558058721329,0.3309855059158245,0.12737309980925704,0.21821613512074722,2.8698702306444277,1.865134267423024,-0.7719112335119088
V58,0.12082084900158861,0.490528661631794,0.12555218581033875,0.4225252823147195,0.12737309980925704,0.21821613512074722,3.0599670146776097,2.457962338110006,-0.7518821135770676
V59,0.12410665808683062,0.4523337872972638,0.1334385224343492,0.36041583707168284,0.12737309980925704,0.21821613512074722,2.6447181341454757,1.8288891034236863,-0.7319755177674053
V60,0.1311588811357558,0.492819116008419,0.16110409266402723,0.47345180569906364,0.12737309980925704,0.21821613512074722,2.75742086041682,2.3814453914999576,-0.6926182544776609
V61,0.8258963582617789,0.9494861953695679,0.1881242229333543,0.25312825700622593,0.12737309980925704,0.21821613512074722,0.1496432765097817,0.0787072535465373,-0.10999326295938971
V62,0.8612499748637615,1.0619041723412157,0.22514350209963352,0.4697638722007543,0.12737309980925704,0.21821613512074722,0.23298020706380296,0.2840294655913534,-0.10547812825870952
V63,0.12092340485431036,0.43301968552680453,0.11713991657263866,0.31115132171980453,0.12737309980925704,0.21821613512074722,2.5809418867134175,1.6044156661062645,-0.7512444379228216
V64,0.13081702829334996,0.48068589822954066,0.15214860783448741,0.44093815391862906,0.12737309980925704,0.21821613512074722,2.6744902747036043,2.2075837515323085,-0.694428213946121
V65,0.9996541253594482,0.9999380958276588,0.0003457557065646436,6.19041723412158e-05,0.12737309980925704,0.21821613512074722,0.0002840687203771175,-0.0002839497452394973,-0.090874466484921
V66,0.9795712763176416,1.0261854649003344,0.04391302561711785,0.13223076508061407,0.12737309980925704,0.21821613512074722,0.047586316289226716,0.09015958470678737,-0.09273754499313522
V67,0.994743509823242,1.1020799801906649,0.05443566926812771,0.2351680872076762,0.12737309980925704,0.21821613512074722,0.10790366492212211,0.1816874562686649,-0.0913230741536904
V68,0.0005509863459952945,0.0,0.0005828583172786797,0.0,0.12737309980925704,0.21821613512074722,-1.0,-1.0578453014580824,-164.87347821186478
V69,0.3998773351565485,0.09229912096075275,0.2661297404878142,0.1031004773508028,0.12737309980925704,0.21821613512074722,-0.7691814142839117,-0.4076981834271423,-0.22717725493475624
V70,0.41800760119849584,0.09749907143741489,0.31036548552505167,0.11882863632056408,0.12737309980925704,0.21821613512074722,-0.7667528744504426,-0.4582137948097601,-0.2173238837069671
V71,0.13034044521305477,0.45765754611860837,0.12290383129855158,0.3310553929019457,0.12737309980925704,0.21821613512074722,2.511247375060906,1.5969836627698264,-0.6969673547071131
V72,0.13383337690281324,0.49269530766373654,0.1386414206499845,0.4221901842570619,0.12737309980925704,0.21821613512074722,2.6814083232878496,2.1186700221498858,-0.6787771287984337
V73,0.12847835267147942,0.4941191036275845,0.12302783606608333,0.36649175477277424,0.12737309980925704,0.21821613512074722,2.845932745503459,1.8949800775328343,-0.7070688051533229
V74,0.13896921313519275,0.5578184969666956,0.1383021052519825,0.48848495783031676,0.12737309980925704,0.21821613512074722,3.013971759515078,2.519859216858827,-0.6536918016734814
V75,0.5492103944625548,0.3983035332885824,0.26265138543749417,0.29789288650222273,0.14895845945704078,0.20693994095726664,-0.27477058463477644,0.06416757843633882,-0.10557244015194807
V76,0.5921495126693596,0.4516384939281137,0.2856750065043615,0.3895046690124515,0.14895845945704078,0.20693994095726664,-0.23728976505922317,0.1753436594755178,-0.09791696228685604
V77,1.0713768765889535,1.5461036187221577,0.19121328087111475,2.8136164235356653,0.14895845945704078,0.20693994095726664,0.4430996715596829,2.4476943641099944,-0.05411866054532288
V78,1.1228543327786815,1.7839751022151706,0.4278600095054884,5.599613808241285,0.14895845945704078,0.20693994095726664,0.5887858737655138,4.605899133806137,-0.05163758094671236
V79,0.1233100132167946,0.5381094770244707,0.12854661964746103,0.4449499958255962,0.14895845945704078,0.20693994095726664,3.363874944027507,2.5659179487869976,-0.47020902834782025
V80,0.1303679052514593,0.5460425947397327,0.142762766201774,0.7491767888605437,0.14895845945704078,0.20693994095726664,3.1884741009415007,4.651559150920558,-0.4447527279692701
V81,0.13753301621273883,0.6014523707817172,0.1722604945948722,0.9527697689231902,0.14895845945704078,0.20693994095726664,3.3731489888317334,5.6750684004560075,-0.421582272365342
V82,0.8406396846114036,0.9621041069140172,0.17594117781109253,0.24090483646976713,0.14895845945704078,0.20693994095726664,0.14449046901558305,0.07727883877942887,-0.06897304821747564
V83,0.8759806923455996,1.0590712149874901,0.21496714698756078,0.3858671465819669,0.14895845945704078,0.20693994095726664,0.20901205271046774,0.19509562378228898,-0.06619036470423768
V84,0.12589563887015995,0.47006773662049184,0.1211309642338898,0.3070955831082846,0.14895845945704078,0.20693994095726664,2.7337888813232616,1.4771331282268312,-0.4605519462038232
V85,0.13677011231182562,0.5350582779032159,0.15977666439196841,0.5007084718262299,0.14895845945704078,0.20693994095726664,2.912099426249816,2.4927361809644677,-0.42393385894158236
V86,1.0454525772749486,1.640019527674376,0.06864096304764453,3.0188865613176588,0.14895845945704078,0.20693994095726664,0.5687172840964354,2.821979363196036,-0.05546065193254293
V87,1.0757975954093804,1.7996582656984195,0.11519997318522472,4.081977180903693,0.14895845945704078,0.20693994095726664,0.6728595354533988,3.687289527923665,-0.053896273562650775
V88,0.9992432818063914,0.999328736193324,0.000756147130285586,0.0006708541497697156,0.14895845945704078,0.20693994095726664,8.551910079201974e-05,-8.535757214367375e-05,-0.05802539036880918
V89,0.0009319799005750646,0.0,0.0010548276350856925,0.0,0.14895845945704078,0.20693994095726664,-1.0,-1.131813716620741,-62.21323170644478
V90,0.4123145061022003,0.09251235735644107,0.26855157827359694,0.10422014318611227,0.14895845945704078,0.20693994095726664,-0.7756267218657835,-0.3985584612120144,-0.14062440356113498
V91,0.43135205128363735,0.09812656373954964,0.3186093666635294,0.12194632524757744,0.14895845945704078,0.20693994095726664,-0.7725139744959133,-0.4559223511994739,-0.13441800340970186
V92,0.13785673489501823,0.5192530664551168,0.12860944304117622,0.3712117452418778,0.14895845945704078,0.20693994095726664,2.7666137011771137,1.7598146538538724,-0.4205923021779123
V93,0.14142794991226604,0.5509245133337402,0.14661871115897254,0.4506440555122052,0.14895845945704078,0.20693994095726664,2.8954429706115574,2.149683598905541,-0.4099718728596032
V94,0.12509768262785342,0.48947336303167144,0.10946497335456855,0.24990444007829626,0.14895845945704078,0.20693994095726664,2.912729258844708,1.1226384356096648,-0.46348965290357896
V95,1.0545173636714773,0.5828731957764216,458.41601099553054,1.5366289155740638,0.0005211650935201817,0.000822726612786151,-0.44726069398511203,-433.2592310184965,-0.0002859711273184092
V96,3.0472067137188805,1.8460234427976363,1677.1414443051472,19.8017683954785,0.0005211650935201817,0.000822726612786151,-0.39419159373513346,-543.8881676284486,-9.896326294776922e-05
V97,1.742615611503213,1.065581710743001,794.9294798285435,5.044475774456478,0.0005211650935201817,0.000822726612786151,-0.38851591612690184,-453.27552378158566,-0.00017305108325400384
V98,0.06050247550826925,0.1028770706190061,0.07910759383950167,0.13782945517099693,0.0005211650935201817,0.000822726612786151,0.7003778730499257,0.9705695649340724,-0.004984283977351522
V99,0.9018171284104076,0.7065291097549162,7.540682362362544,3.83360910031509,0.0005211650935201817,0.000822726612786151,-0.2165494671849012,-4.110670717223729,-0.00033439320430464454
V100,0.2714684504371642,0.32965223287803935,0.8984701574110955,0.8572723130555613,0.0005211650935201817,0.000822726612786151,0.21432981382248206,-0.15175923496520677,-0.0011108529141428559
V101,0.9077144562660205,0.3798314443475734,438.9512729624497,1.0297583828252037,0.0005211650935201817,0.000822726612786151,-0.5815518396500479,-482.44413378746987,-0.0003322206859043256
V102,1.8603883563327364,0.9124285575898479,1337.3368998542708,7.621102970797891,0.0005211650935201817,0.000822726612786151,-0.5095494150541452,-714.7517303885173,-0.00016209600443878186
V103,1.304329505951754,0.5884432819916691,683.5594421905273,2.4670381480786254,0.0005211650935201817,0.000822726612786151,-0.5488538139277246,-522.1781773198971,-0.00023120041208139611
V104,0.08500298465536009,0.0973069844037586,0.42764655209360963,0.23276872212801403,0.0005211650935201817,0.000822726612786151,0.1447478555992403,-2.292599851119546,-0.003547658008582097
V105,0.2832192141578005,0.22391746585294972,11.741233804702986,1.5118348052972548,0.0005211650935201817,0.000822726612786151,-0.20938462272481895,-36.118308674164474,-0.0010647636325194698
V106,0.16531128199726114,0.14453162840259615,3.431721710789376,0.6106426554055052,0.0005211650935201817,0.000822726612786151,-0.12570015393752298,-17.065254236130173,-0.0018242041052646699
V107,0.9995698584922224,0.9998546934030805,0.000429957240928114,0.00014529252023294946,0.0005211650935201817,0.000822726612786151,0.0002849574828995838,-0.00028478721949915577,-0.00030169128921199434
V108,1.0031180870114822,1.0458684490942556,0.004105597779180074,0.07321688441306563,0.0005211650935201817,0.000822726612786151,0.04261747708102481,0.06889646147223191,-0.0003006241470178151
V109,1.0133326310614839,1.0557492976847815,0.01385014545781901,0.08286909946063534,0.0005211650935201817,0.000822726612786151,0.04185858159809319,0.06811085707416502,-0.00029759381078064983
V110,1.0062273956248464,1.0494526784849365,0.006978683251522036,0.07626586656657207,0.0005211650935201817,0.000822726612786151,0.04295776784456162,0.06885837497201527,-0.00029969519869681724
V111,1.0009234874820043,1.0478058703865156,0.0019374208767957834,0.08785737979794184,0.0005211650935201817,0.000822726612786151,0.046839127556544735,0.08584068612206566,-0.0003012832879210371
V112,1.003660592015169,1.0521166327617941,0.004019403218251326,0.09154383643246837,0.0005211650935201817,0.000822726612786151,0.04827930989034246,0.08720521051691768,-0.0003004616517427353
V113,1.0017328557884757,1.0489198876295651,0.002495333696180467,0.08876681586312131,0.0005211650935201817,0.000822726612786151,0.0471054049674231,0.08612224473663245,-0.000301039860600965
V114,1.0072825590786194,1.0649036132907101,0.008577900422841933,0.1071944373063913,0.0005211650935201817,0.000822726612786151,0.05720445935726093,0.09790354850753676,-0.00029938125757067945
V115,1.0303802802064679,1.0895572992347187,0.03258248571542714,0.13395052330903393,0.0005211650935201817,0.000822726612786151,0.05743221232494178,0.09837924845892299,-0.00029267011904143033
V116,1.0136381193159871,1.0736704446381866,0.015063861359273095,0.11571553662898125,0.0005211650935201817,0.000822726612786151,0.05922461298388204,0.0992974448688146,-0.0002975041225456931
V117,1.0000596931072019,1.0095417998643805,0.0009305082709059762,0.00974183896472352,0.0005211650935201817,0.000822726612786151,0.009481540774548769,0.008810804749505097,-0.00030154351919635186
V118,1.0011569928719408,1.0102198973166716,0.0013733609239410006,0.010115940986494668,0.0005211650935201817,0.000822726612786151,0.009052430846767434,0.008732476649316019,-0.0003012130179512639
V119,1.000395027915306,1.0099292841228324,0.0010093615086213784,0.00992804537441605,0.0005211650935201817,0.000822726612786151,0.009530491397377938,0.00891516212788468,-0.000301442441086882
V120,1.0007180729660452,1.0051826019567955,0.0015813544884149303,0.006027874138562503,0.0005211650935201817,0.000822726612786151,0.004461325433563701,0.004443329015702153,-0.00030134513147360876
V121,1.0041188243969241,1.008621524750557,0.00433361700126728,0.009128862610530438,0.0005211650935201817,0.000822726612786151,0.0044842305952557115,0.004775575850938949,-0.00030032453524321464
V122,1.0015853787000948,1.0065387968613775,0.0021903342697568115,0.007174485949320129,0.0005211650935201817,0.000822726612786151,0.00494557754797853,0.004976262419117966,-0.00030108418680926653
V123,1.0251167526949683,1.1967451322290033,0.03149462978084828,0.5905943944241119,0.0005211650935201817,0.000822726612786151,0.16742325113976975,0.5454010610727267,-0.00029417285248063967
V124,1.0875100951578356,1.2437275985663083,0.12066481878185968,0.648562011335158,0.0005211650935201817,0.000822726612786151,0.14364694553552648,0.4854181997057067,-0.00027729537464404153
V125,1.044443273991362,1.2151506345054732,0.05807967457048568,0.6114943512485681,0.0005211650935201817,0.000822726612786151,0.16344340067579677,0.529865709760566,-0.00028872943775447524
V126,131.56369303961313,86.27255441910258,5704833.595104248,81014.88135048696,0.0005211650935201817,0.000822726612786151,-0.34425256371355906,-42745.97788966337,-2.2921332800772834e-06
V127,338.7328539262698,278.08945060008995,18588171.880089868,806603.0885115718,0.0005211650935201817,0.000822726612786151,-0.17903017857069092,-52494.37303016588,-8.902635683859843e-07
V128,205.20030135462625,173.57455431240007,9378676.356153589,314846.1660772714,0.0005211650935201817,0.000822726612786151,-0.1541213479388157,-44170.647558710196,-1.469595888871586e-06
V129,8.49304125200744,16.380527896635364,13172.843995664969,6968.720950128983,0.0005211650935201817,0.000822726612786151,0.9286999097954003,-730.4948676741163,-3.5506894446637865e-05
V130,91.98081345233344,97.27060516714576,99531.04708461193,108085.09092833725,0.0005211650935201817,0.000822726612786151,0.05750972965197376,92.99813213935337,-3.2785263355193675e-06
V131,30.36699875848984,52.27401218679447,25614.567631551443,35398.56604393984,0.0005211650935201817,0.000822726612786151,0.7214085791793958,322.1918138898413,-9.930567115449972e-06
V132,105.35246691235544,52.77134007318276,5319549.700939608,47778.932749065694,0.0005211650935201817,0.000822726612786151,-0.4990972530611536,-50039.3671139777,-2.862405865795659e-06
V133,207.17696601028246,141.7733668583684,14921381.691933911,355734.93724240246,0.0005211650935201817,0.000822726612786151,-0.31568953060480665,-70305.33864449293,-1.4555745509421275e-06
V134,147.8264157904955,94.82190702435098,7962235.231867775,161353.57517166695,0.0005211650935201817,0.000822726612786151,-0.3585591146393231,-52770.552644337775,-2.0399704454266977e-06
V135,17.265587765505618,16.823744818000936,88983.58197242778,13592.383086863962,0.0005211650935201817,0.000822726612786151,-0.025590958935520658,-4366.55849250528,-1.746604421243334e-05
V136,38.824830283479976,38.72092866040727,209745.20304546843,49244.958089954656,0.0005211650935201817,0.000822726612786151,-0.0026761642565871213,-4133.958700749476,-7.767233419028857e-06
V137,26.37270317716358,26.155053905307653,124804.24651149308,25646.528067550487,0.0005211650935201817,0.000822726612786151,-0.008252823777442408,-3759.8617698698545,-1.1434607868604642e-05
V138,0.03249249632799029,0.1210958904109589,0.17155004328992765,0.43476996887869457,0.8626107037132574,0.8233557566665053,2.726887869389162,8.100944997630704,1.2081234587364227
V139,1.031406858675522,1.9857534246575343,1.5896718846210038,4.9792434031466675,0.8626107037132574,0.8233557566665053,0.9252862320573798,3.2863573574431832,0.038059614124693004
V140,1.0628520339740724,2.464109589041096,1.7626600396047412,8.687804427559437,0.8626107037132574,0.8233557566665053,1.3183938217887499,6.5156241570721125,0.036933595450700095
V141,0.033718628264895585,0.12301369863013699,0.04050096841878913,0.16272043006716044,0.8626107037132574,0.8233557566665053,2.6482414902449154,3.624686647636073,1.1641916966005528
V142,0.043131745322178935,0.16547945205479453,0.08245004848451991,0.42917248861575885,0.8626107037132574,0.8233557566665053,2.8366045894670235,8.038683284002177,0.9101172872447317
V143,8.752247765006386,0.7784168720898385,3193.7720641948604,6.971983356033063,0.8626019298901342,0.8233073609834003,-0.9110609190930199,-364.1121876805669,0.004489654539242265
V144,3.8261558109833973,1.1848808545603944,114.12574404397377,13.701974088540199,0.8626019298901342,0.8233073609834003,-0.6903208041975016,-26.246649356818192,0.010269986599587643
V145,22.97425287356322,3.641194193371679,4297.713203154487,484.58026421734706,0.8626019298901342,0.8233073609834003,-0.8415097886572995,-165.97418683960612,0.001710374179434173
V146,0.12701960533878282,0.7838356164383562,0.3088332442448438,3.416400740304155,0.8626107037132574,0.8233557566665053,5.170981356364112,24.4652586328772,0.3090463628984876
V147,0.12924196947442365,1.0128767123287672,0.31388357359297403,5.167551327629638,0.8626107037132574,0.8233557566665053,6.837057238045343,37.5548885069968,0.30373219478460906
V148,0.7362666836962769,1.3813698630136986,0.2087921264930189,2.713930707230729,0.8626107037132574,0.8233557566665053,0.8761814076372607,3.402488033495108,0.05331620717873675
V149,0.7382463758860719,1.5704109589041095,0.21153116748932432,3.661387882587461,0.8626107037132574,0.8233557566665053,1.1272179724813975,4.673042534015131,0.0531732336642179
V150,289.0562835249042,31.86222952615722,713916.0514305227,73466.53142505526,0.8626019298901342,0.8233073609834003,-0.8897715381322542,-2215.6567994145967,0.0001359408916061442
V151,6.660395913154534,2.1665297178855107,240.54591486132267,29.97006847439058,0.8626019298901342,0.8233073609834003,-0.6747145746086156,-31.616115488125388,0.005899734703326814
V152,9.708033205619412,3.528074500136949,479.40796622068837,110.47722530513313,0.8626019298901342,0.8233073609834003,-0.6365819496687801,-38.00262453799631,0.004047634373972739
V153,0.7321412606168977,1.2049315068493152,0.20196268574421505,1.8242562984041415,0.8626107037132574,0.8233557566665053,0.645763695702722,2.2158204979364116,0.05361662995700607
V154,0.73298422632352,1.2816438356164384,0.2027967434991124,2.0779583822927656,0.8626107037132574,0.8233557566665053,0.7485285352522093,2.5582564691726475,0.05355496835674884
V155,0.7369052940800818,1.421095890410959,0.21050798468280588,3.192594030265376,0.8626107037132574,0.8233557566665053,0.9284647590773369,4.046769740343999,0.05327000275626489
V156,0.7389233028929051,1.6046575342465754,0.21340500210021035,4.111406089865116,0.8626107037132574,0.8233557566665053,1.1716158198886095,5.275244497641533,0.05312452171026132
V157,0.782987419375439,1.5594520547945205,0.2986913332133763,3.4605642379034225,0.8626107037132574,0.8233557566665053,0.9916693630128048,4.038216740713611,0.050134837515096224
V158,0.7893735232134874,1.7791780821917809,0.31135922000809274,4.492742541585798,0.8626107037132574,0.8233557566665053,1.2539115258754365,5.297090919081717,0.04972924210448287
V159,2832.3535512214357,294.72824207850266,72445188.27783701,7223033.209565799,0.8626019298901342,0.8233073609834003,-0.8959422837761893,-23027.547193091254,1.387346890002074e-05
V160,49365.66713241324,6437.664702307587,20914954296.66328,2784196899.0665884,0.8626019298901342,0.8233073609834003,-0.8695922677386314,-367274.6354053044,7.959898283423232e-07
V161,4.337460885113992,15.708219178082192,3455.1870373492716,3726.211086167349,0.8626107037132574,0.8233557566665053,2.6215241114893346,62.4844940384874,0.009050213497365173
V162,5.798320454690593,23.676712328767124,4574.796143435508,9057.78528927047,0.8626107037132574,0.8233557566665053,3.0833742311730417,773.153050243785,0.006770054769048953
V163,4.872220448304489,19.1,3890.6165575200525,5678.958207728144,0.8626107037132574,0.8233557566665053,2.920183867428806,367.0485909212967,0.008056890582693706
V164,913.7384497674428,109.05367021396107,38265461.34741432,93786.34813583289,0.8626019298901342,0.8233073609834003,-0.8806511094704217,-41775.27498048662,4.300417577561152e-05
V165,2331.1801069791168,282.564747350897,70495389.4620046,1989971.8763426451,0.8626019298901342,0.8233073609834003,-0.8787889676542147,-29386.582950227472,1.6856084516633142e-05
V166,367.3795281054812,189.82821687872328,1606065.0250642493,288163.3289557135,0.8626019298901342,0.8233073609834003,-0.4832912496304905,-3587.3030348336197,0.00010695905977496851
V167,4.088442515864128,2.07817737113869,1931.9861510002027,17.496605628619974,0.7743513073873836,0.46576005420316513,-0.4916946091146278,-468.2686714911384,0.07547892675188927
V168,6.1131330098295384,2.904973276564906,3165.4805712761627,44.74554420792866,0.7743513073873836,0.46576005420316513,-0.5247979600813708,-510.4968306840839,0.050480048886229506
V169,0.149981747431048,0.3782294489611563,0.6210881136569613,3.0721251510705248,0.774075809341314,0.46425978802690804,1.5218365263749307,16.342235501292535,2.065691503273354
V170,1.3085150175923697,2.928545618789521,1.4799956114752335,19.10312400257137,0.774075809341314,0.46425978802690804,1.2380680232298453,13.468036785334105,0.2367691750947258
V171,1.5357012481650343,3.496025293586269,3.8008291329792256,27.747883739535443,0.774075809341314,0.46425978802690804,1.2765009130282143,15.593563289194348,0.20174237774736223
V172,0.13559941520467836,0.09022556390977443,0.9029290774399142,0.3002478110478225,0.7743513073873836,0.46576005420316513,-0.33461686561417026,-4.444571279915803,2.2757565194394114
V173,0.05688534278959811,0.035963402482108886,0.07253138802477692,0.03920298325915952,0.7743513073873836,0.46576005420316513,-0.3677914077950313,-0.5858873855940223,5.424793770261793
V174,0.12598932807245106,0.14878048780487804,0.1429251492010499,0.15881818922986407,0.774075809341314,0.46425978802690804,0.18089754172925487,0.12614592261080054,2.4590655895572686
V175,0.2131977724098828,0.2061427280939476,0.753618963751834,0.5143718759137783,0.774075809341314,0.46425978802690804,-0.03309154798471137,-1.1221838067711696,1.453186015090111
V176,1.2888904441955953,2.403116224295679,2.5030290524887255,12.033170212165627,0.7743513073873836,0.46576005420316513,0.8644844758667438,7.394066115235049,0.23942395924644486
V177,3.6952532039318156,1.595434369055168,1851.4293502854453,15.04268978911038,0.7743513073873836,0.46576005420316513,-0.56824761903796,-496.9582756987766,0.08351017809980431
V178,6.9859011447057355,2.7280550774526677,5231.038342020634,52.350572689120575,0.7743513073873836,0.46576005420316513,-0.6094913138700618,-741.3056185680757,0.04417343543689912
V179,5.104283314669653,2.1283630763656127,2765.060972857745,26.30178560615962,0.7743513073873836,0.46576005420316513,-0.5830241103097233,-536.560966234069,0.06045731284102719
V180,0.9408616765955464,0.7294489611562782,39.333253493689995,14.424130421778216,0.774075809341314,0.46425978802690804,-0.2247011656423853,-26.474798253069462,0.3292896597037062
V181,0.24296223715316662,0.37412809131261887,1.560125753937862,1.542023100460127,0.7743513073873836,0.46576005420316513,0.5398610734587679,-0.0745080951255924,1.2701202326749996
V182,0.873398034092323,0.6564000362351662,35.68214665097108,8.77276004144229,0.7743513073873836,0.46576005420316513,-0.2484525833432537,-30.809992190438475,0.3533225873412015
V183,0.48525569242254574,0.47812301838934684,9.209400695171773,2.572790968376611,0.7743513073873836,0.46576005420316513,-0.014698795180722923,-13.676521121603262,0.6359353594465548
V184,0.11301058648999215,0.35745257452574525,0.22894100076560886,1.016041210823166,0.774075809341314,0.46425978802690804,2.1630007915886718,6.964836078673569,2.741477864481681
V185,0.15148855525091456,0.43459801264679315,0.33874986188823264,2.170760589136894,0.774075809341314,0.46425978802690804,1.8688504681225377,12.093393617849564,2.0451447358597448
V186,1.0954180664427025,1.7706313977715373,1.286320351538973,3.5319114603331703,0.7743513073873836,0.46576005420316513,0.6163978411653785,2.049985459968362,0.2817109399942143
V187,1.7735862262038073,2.6611106078449134,98.21896526954392,90.95227530204276,0.7743513073873836,0.46576005420316513,0.5004123106778786,-4.09717320767359,0.17399281107675754
V188,0.9550054757706856,1.7096657633243,0.10819854849115779,3.9077482846981937,0.774075809341314,0.46425978802690804,0.7902156654595163,3.9785632989599504,0.32441282188919984
V189,0.9666871198999604,1.871364046973803,0.18683102694605688,5.007030662470927,0.774075809341314,0.46425978802690804,0.9358528819205381,4.986307913178464,0.32049255124705495
V190,1.1241056986437725,2.2495697074010326,1.4701681856066444,9.426475399176493,0.7743513073873836,0.46576005420316513,1.0012083473245679,7.0778995455401486,0.2745215628357121
V191,1.0480278710961801,1.1866111060784492,0.4462628011922297,0.5902863853486497,0.7743513073873836,0.46576005420316513,0.1322323945806123,0.13742342940343677,0.29444947190330806
V192,1.2231942889137737,1.4023915209711024,7.000638463919607,6.309528616039714,0.7743513073873836,0.46576005420316513,0.1464994021648518,-0.5650041486815768,0.25228310496630507
V193,1.1387566878188378,1.279010779961953,3.0247930603171955,1.9408087332593935,0.7743513073873836,0.46576005420316513,0.1231642313440604,-0.95190161221714,0.27098962972967544
V194,0.9326441370418411,1.098464317976513,0.06982547267861906,0.3310754262720752,0.774075809341314,0.46425978802690804,0.17779576834163136,0.2801175102243051,0.33219103515417986
V195,0.9379956349175528,1.1429990966576333,0.09413753342612563,0.656123627246451,0.774075809341314,0.46425978802690804,0.2185548142322642,0.5991350843223513,0.33029580286014654
V196,1.0721817842478536,1.2290062505661745,1.2226517305146654,1.202851259156433,0.7743513073873836,0.46576005420316513,0.14626667662362403,-0.018467457337117972,0.28781616859933723
V197,0.9341742460135612,1.1262872628726288,0.07188559616432826,0.5633255403834189,0.774075809341314,0.46425978802690804,0.2056500890266233,0.5260688210108893,0.33164693057691985
V198,0.9417238192141298,1.1971996386630532,0.14797708559017325,1.2895937472941146,0.774075809341314,0.46425978802690804,0.2712852900568219,1.2122627020909618,0.32898819695667036
V199,1.1575836755008087,2.5890026270495516,1.6830161084341178,13.864133440743235,0.7743513073873836,0.46576005420316513,1.2365576518081633,10.522882786023366,0.26658224343973386
V200,1.0027728370705793,2.4831074977416443,0.19619730090693285,15.558437176084352,0.774075809341314,0.46425978802690804,1.4762412841133559,15.319760674865748,0.3089593274379847
V201,1.0226642537029413,2.7459801264679315,0.32155735007685415,18.945496080551795,0.774075809341314,0.46425978802690804,1.685123799453316,18.21119557375742,0.3029498881892081
V202,468.8867635036436,155.95823199479938,23799829.9038529,162910.6400945987,0.7743513073873836,0.46576005420316513,-0.6673861492070303,-50410.719823134066,0.0006581359876281098
V203,1131.5300686139685,458.5775782224363,88892697.48444882,12829432.505022774,0.7743513073873836,0.46576005420316513,-0.5947278901884099,-67221.60293327185,0.00027272032952886297
V204,723.72864350254,258.6076166064387,39584845.267123185,1506697.927546131,0.7743513073873836,0.46576005420316513,-0.6426732326706217,-52613.84592337669,0.0004263908247306166
V205,18.833239878322136,9.057890254487507,75981.97789186283,13467.081538216376,0.7743513073873836,0.46576005420316513,-0.5190476883951589,-3319.391499154841,0.016385457583398603
V206,6.508866084294821,2.467472285596516,39753.56050090294,637.8470957472379,0.7743513073873836,0.46576005420316513,-0.6209059683144725,-6009.604883335612,0.047410908319164106
V207,75.65196215175209,33.05224653031258,910826.6252374308,226781.91832223968,0.7743513073873836,0.46576005420316513,-0.5631012654501639,-9041.995573664692,0.004079091201431204
V208,8.729765937608313,10.730772966706441,3602.6962849999713,2132.3969959576307,0.774075809341314,0.46425978802690804,0.2292165727465474,-168.42367820060446,0.035489613756962426
V209,36.3865407789731,18.897558344869648,66888.24177887297,16248.455807536415,0.774075809341314,0.46425978802690804,-0.48064427284634625,-1391.7175111243346,0.008514577497112371
V210,14.408390209633522,14.19928968056646,7666.007354633354,5397.379890813977,0.774075809341314,0.46425978802690804,-0.014512414365850268,-157.45183402255176,0.021502472990165233
V211,409.851898041099,97.23656058749629,22385552.77269121,68328.6957333338,0.7743513073873836,0.46576005420316513,-0.7627519573479061,-54451.92320353718,0.0007529335710268533
V212,812.4141723588897,225.1793190782615,60823709.99240768,1918572.3248538387,0.7743513073873836,0.46576005420316513,-0.7228269437687912,-72506.29010633763,0.0003798447438308549
V213,569.3299099720376,151.5739460753832,32459523.5035156,418718.98534807656,0.7743513073873836,0.46576005420316513,-0.7337678147230529,-56278.09808857784,0.0005420253666268381
V214,37.6248272365573,47.90482737476146,351668.9582732288,39472.48780019073,0.7743513073873836,0.46576005420316513,0.27322384960257917,-8297.618710915953,0.008201798542330125
V215,134.67174051760148,116.15980137179582,1122500.9325972688,616834.3627800065,0.7743513073873836,0.46576005420316513,-0.13745971556212389,-3754.808305541816,0.002291432872243051
V216,71.22910218320614,69.68645433148933,494445.1187850556,93724.09869682656,0.7743513073873836,0.46576005420316513,-0.021657550136586212,-5625.804731576527,0.0043323760053931406
V217,0.9273524177048853,2.556024332810047,96.95205654971974,20.283977048961383,0.7890106110616852,0.5067511977931569,1.7562599546955187,-82.67415713489487,0.3043712485994216
V218,1.533017847934929,3.9999018838304554,205.69711835078795,47.36777547854812,0.7890106110616852,0.5067511977931569,1.6091685033012326,-103.2795169903073,0.18412010900509046
V219,1.2056837272742393,3.2717817896389323,154.56649979407987,28.96096206875676,0.7890106110616852,0.5067511977931569,1.71363187179746,-104.17784936791591,0.23410734248412635
V220,0.14718554977996534,0.43416499726825714,0.7406126656239158,4.068655067209265,0.7711190309487836,0.4685186081401539,1.9497800423839906,22.61120338620604,2.0559112172424636
V221,1.1699633531134521,2.521398652340193,6.324328064407227,19.089196914370284,0.7711190309487836,0.4685186081401539,1.1551090857934687,10.910486055818572,0.2586409411913318
V222,1.2183326433291932,3.029775997086141,6.778885120968401,25.789569551858015,0.7711190309487836,0.4685186081401539,1.4868216522599536,15.603853787370722,0.24837258072782933
V223,0.09302383605848401,0.09468210361067504,0.1652280778270071,0.12124735256753003,0.7890106110616852,0.5067511977931569,0.01782626499243145,-0.4727898474518556,3.034269765988494
V224,0.39359437116385837,0.40835949764521196,12.317507475940602,6.416878399646809,0.7890106110616852,0.5067511977931569,0.03751356107480164,-14.99165005547624,0.7171327487074761
V225,0.18877559506977828,0.22694270015698587,1.7385927089257567,0.8111158408926398,0.7890106110616852,0.5067511977931569,0.2021824117312392,-4.913118497601811,1.4952113548586354
V226,0.24578752141585855,0.26913265306122447,8.117428423693184,1.4699999148908902,0.7890106110616852,0.5067511977931569,0.09498094740890961,-27.045427166154713,1.1483878906568303
V227,0.13787049388963,0.2679839737752686,4.2877621070464,3.140909130787669,0.7711190309487836,0.4685186081401539,0.9437369535340816,-8.318335155721034,2.194816412646434
V228,1.2415792012508524,2.653748037676609,0.9048117379946817,12.920721894314667,0.7890106110616852,0.5067511977931569,1.137397304177648,9.677924810768681,0.22733903160117433
V229,1.4662752208120562,3.6729788069073783,17.330661493719845,29.447849903191273,0.7890106110616852,0.5067511977931569,1.5049722963150125,8.263924969529702,0.19250097748511819
V230,1.3222525324772534,3.1551216640502355,3.0892710324118506,18.126950510169422,0.7890106110616852,0.5067511977931569,1.3861717686704549,11.372774192827091,0.21346861233815334
V231,0.6587933931036777,2.0244309262166404,83.79342180647781,18.21557420266628,0.7890106110616852,0.5067511977931569,2.072937505762213,-99.54235772593914,0.42844906494699425
V232,0.8393103677705883,2.9673273155416013,115.31181180182219,35.702298105787,0.7890106110616852,0.5067511977931569,2.53543507799569,-94.85110246820534,0.3362992095740193
V233,0.7717859578502636,2.5199175824175826,109.35450657188231,25.4777702610901,0.7890106110616852,0.5067511977931569,2.265047202253554,-108.67875407376273,0.36572240061834643
V234,2.1564469386816323,1.3374613003095974,133.91618335673692,59.83930137701963,0.7711190309487836,0.4685186081401539,-0.3797847392770679,-34.35135854768817,0.14032361166912266
V235,0.16408290224388297,0.42032967032967034,0.7489525555497094,1.5306945042005389,0.7890106110616852,0.5067511977931569,1.561690856155857,4.7643108328794375,1.7202244073486395
V236,0.28261448127879707,0.6032182103610675,4.825881195569293,2.257032130576014,0.7890106110616852,0.5067511977931569,1.1344207403370716,-9.089587530580673,0.9987436312227805
V237,0.23214790665180726,0.5053963893249608,3.033883542350758,1.8512121674602222,0.7890106110616852,0.5067511977931569,1.1770447841383809,-5.094473570525857,1.2158602562455239
V238,0.10836131683456768,0.3606811145510836,0.25368136244554845,1.1807979332723026,0.7711190309487836,0.4685186081401539,2.3285043508812815,8.555789075931573,2.792513340075054
V239,0.11168100341935384,0.4372609725004553,0.26260335055691636,1.6738250441720073,0.7711190309487836,0.4685186081401539,2.915267226410681,12.636183866615692,2.7095066622242614
V240,1.0009564364011379,1.0014717425431712,0.002519108176467055,0.001665972314969329,0.7890106110616852,0.5067511977931569,0.0005148137554178422,-0.0008523206709825559,0.28198970804700596
V241,1.0002245546333106,1.000392464678179,0.0005072809287066429,0.0005886007399948272,0.7890106110616852,0.5067511977931569,0.00016787234835469178,8.130155464739294e-05,0.2821960448391578
V242,1.0441624112177514,1.9310243328100472,0.11970938726376856,3.4393592489417593,0.7890106110616852,0.5067511977931569,0.8493524686049516,3.179246663176142,0.27032136977555443
V243,1.0927576972338195,2.188579277864992,1.5838425227072461,5.253611090957069,0.7890106110616852,0.5067511977931569,1.002803808570838,3.358263755578557,0.2583000915784286
V244,1.0444784510720404,1.9925431711145998,0.12473805270978754,3.9495077304488975,0.7890106110616852,0.5067511977931569,0.9076919864354089,3.6618942916566746,0.2702395755305632
V245,0.8283653035251545,1.4497359315243126,3.093010312191067,5.612399074237448,0.7711190309487836,0.4685186081401539,0.7501166760062028,3.041398222891498,0.36529828267902686
V246,1.07259768126549,2.494701726844584,0.1814191541724555,9.847484436586166,0.7890106110616852,0.5067511977931569,1.3258503821313914,9.011827501817207,0.26315497245482417
V247,1.0106206024717643,1.1991758241758241,0.03673941873669132,0.5486873787580293,0.7890106110616852,0.5067511977931569,0.18657369664035506,0.5065679036912779,0.2792931517309082
V248,1.0491857815332923,1.309065934065934,0.7794532073156527,0.8413739876059569,0.7890106110616852,0.5067511977931569,0.2476969828478326,0.05901793693754836,0.2690271048622401
V249,1.0253164556962024,1.2497056514913658,0.24410902391826764,0.6524874023113015,0.7890106110616852,0.5067511977931569,0.21884872182491244,0.39829496164258865,0.2752900450396758
V250,0.7821810264194918,0.8646876707339283,0.19592085700401113,0.7382684526646587,0.7711190309487836,0.4685186081401539,0.10548279941296768,0.6933786135714585,0.38686750584300417
V251,0.7850177101062606,0.903660535421599,0.20023062882161458,0.8441920450301476,0.7711190309487836,0.4685186081401539,0.1511339474102804,0.8203145074540622,0.38546954917446324
V252,1.0146542690330844,1.2372448979591837,0.0725415569081373,1.0405594972755072,0.7890106110616852,0.5067511977931569,0.2193758364001337,0.9540372222450149,0.27818284698837137
V253,1.1414943695004907,1.406004709576138,13.895787122863078,3.0148123355680445,0.7890106110616852,0.5067511977931569,0.23172286008856546,-9.532219411696676,0.24727184015111955
V254,1.0553901428832815,1.3077904238618525,1.8682527146252597,1.4857679756986917,0.7890106110616852,0.5067511977931569,0.23915353263488326,-0.36241075540239154,0.2674455651986738
V255,0.7962801110139994,0.9298852668002185,0.7926119548723408,1.9267836859517504,0.7711190309487836,0.4685186081401539,0.1677866292755743,1.4243376362058475,0.380017557418698
V256,0.8000214667954675,0.9922600619195047,0.8157579748981696,2.3921630184193754,0.7711190309487836,0.4685186081401539,0.24029179603649897,1.9704534302505505,0.3782403789997203
V257,1.1060147374374159,2.961342229199372,0.2594179008282414,15.39365801573001,0.7890106110616852,0.5067511977931569,1.6774889420195818,13.683579072343187,0.2552040255110073
V258,1.1691145893976946,3.4009026687598114,2.307536148932418,20.189177872185986,0.7890106110616852,0.5067511977931569,1.9089558026231552,15.2950291489099,0.241430066674596
V259,0.8748409157121609,2.0723001274813333,3.553025522291146,13.996593543282016,0.7711190309487836,0.4685186081401539,1.3687736710329617,11.937676706043547,0.34589194146492225
V260,0.9506146143482094,1.1273547880690737,0.11444688057752331,0.4673430953867474,0.7890106110616852,0.5067511977931569,0.18592200356823518,0.37122952822599725,0.29692307377586447
V261,1.0667925281524975,1.5833987441130297,1.5572293820238963,3.7905123214114345,0.7890106110616852,0.5067511977931569,0.4842611869950064,2.0934557380667105,0.2645869799607178
V262,0.9859029591310567,1.3362441130298273,0.29560871874487177,1.405818018314864,0.7890106110616852,0.5067511977931569,0.35535054505521524,1.1260837481900807,0.2862953302395022
V263,111.83748970467984,182.9032411517011,1806033.4573174343,145525.5159225957,0.7890106110616852,0.5067511977931569,0.6354376482758941,-14847.507269517644,0.0025238353794766657
V264,195.43273711053186,275.0943469533688,5636457.626330739,306736.77782655816,0.7890106110616852,0.5067511977931569,0.4076165079639771,-27271.382099560036,0.0014442790775062904
V265,146.87171247519225,231.95862842551205,2777686.602053836,211377.80265995592,0.7890106110616852,0.5067511977931569,0.5793281396149828,-17473.13186552073,0.0019218092341382897
V266,9.486243449613653,5.411524686149469,46877.90196347914,821.7852545228212,0.7890106110616852,0.5067511977931569,-0.4295397630376159,-4855.042668215736,0.029754603575983907
V267,37.912557255311576,20.15689628590571,450547.4220068107,6463.138797927989,0.7890106110616852,0.5067511977931569,-0.46833192627538434,-11713.38246107538,0.007445011196890012
V268,19.281140425755137,13.295416323780966,104765.89230559581,4012.414156347981,0.7890106110616852,0.5067511977931569,-0.31044450534568124,-5225.493716889512,0.014639145145766126
V269,6.3538981020975065,1.7930729984301412,46579.60783122466,502.79546570048956,0.7890106110616852,0.5067511977931569,-0.7177995350856785,-7251.739267004235,0.04442303114293739
V270,7.414661369136034,11.25334645608283,4456.825812228297,2310.6510790633956,0.7711190309487836,0.4685186081401539,0.517715495804778,-289.4501348501875,0.040811091396327534
V271,8.85888162181829,16.408079454545398,5490.920702220963,5528.541200237521,0.7711190309487836,0.4685186081401539,0.8521614979180219,4.246641915149099,0.03415785826321053
V272,7.951062872632521,14.563544939925949,4877.687201226186,4628.039033556285,0.7711190309487836,0.4685186081401539,0.8316475637557244,-31.398087484528254,0.038057858132423704
V273,69.5574754196479,124.17725944875782,940733.4314121531,91368.60044204372,0.7890106110616852,0.5067511977931569,0.7852467861949095,-12210.978415271657,0.004057930676259112
V274,101.46479819908281,174.24092608105735,1706474.031295301,139549.04819952813,0.7890106110616852,0.5067511977931569,0.7172549413559313,-15443.040452525505,0.002781845706869792
V275,83.55226258710792,151.98803563087336,1238531.3918395624,115070.12278531119,0.7890106110616852,0.5067511977931569,0.8190774363820166,-13446.210003983793,0.0033782378182069823
V276,30.062054263689625,52.268201682313084,407487.3637541994,42950.68259084345,0.7890106110616852,0.5067511977931569,0.7386769787534146,-12126.140082305043,0.009389225725982893
V277,49.66782215204057,78.95855750496759,573399.8451119127,94476.59149514083,0.7890106110616852,0.5067511977931569,0.5897326293724683,-9642.525741328394,0.005682943222364178
V278,40.397292863826145,65.1080349290764,468152.98211541824,61349.112442532954,0.7890106110616852,0.5067511977931569,0.6116930198403849,-10070.077493661927,0.006987087333301935
V279,1.1380760774005163,0.7089201877934272,457.8081732966166,3.587775702293789,1.7547646246507398e-05,9.679136621010276e-05,-0.37708892940384586,-399.1125080423527,-6.962954545586814e-05
V280,1.9712301291353949,1.85266928028653,801.039959074532,77.38913481554657,1.7547646246507398e-05,9.679136621010276e-05,-0.06014561521584849,-367.10621127548785,-4.020013634752661e-05
V281,0.08069230146978655,0.2833583935587137,0.23497520114157025,0.993821316687524,0.0021460771359433917,0.0022262014228330296,2.5115914207108214,9.40419472147646,-0.0009929607339262555
V282,0.7988935275228873,1.3212882572634235,0.80702548620603,1.7681308975498196,0.0021460771359433917,0.0022262014228330296,0.6538978120905732,1.2030456853541789,-0.0001002940744032282
V283,0.9576561494335747,1.9139545035650192,2.1738659646958878,8.602316418768158,0.0021460771359433917,0.0022262014228330296,0.998582168241771,6.71269166691459,-8.366707292281165e-05
V284,0.08626749750380353,0.15129954987657906,0.11165432497326655,0.18978884835846146,1.7547646246507398e-05,9.679136621010276e-05,0.7538418785117569,0.9057237736813911,-0.0009185814154409836
V285,1.1733650132399314,1.0103092783505154,10.988157573038157,4.856089260586222,1.7547646246507398e-05,9.679136621010276e-05,-0.13896420384921948,-5.226053481448096,-6.753543788116298e-05
V286,0.031331872173682634,0.03591307293935434,0.03628847733035293,0.04111096320808321,1.7547646246507398e-05,9.679136621010276e-05,0.146215353499358,0.15391630129848896,-0.002529172834751845
V287,0.3543844440895858,0.47427520449155414,1.1697440323641346,0.9983338466208743,1.7547646246507398e-05,9.679136621010276e-05,0.3383070628564633,-0.48368428299276317,-0.00022360947633345645
V288,0.181451286722682,0.26429645438230587,0.18220305156588204,0.27701050737634925,0.0021460771359433917,0.0022262014228330296,0.4565697447284509,0.5224953623799019,-0.00044157464152951703
V289,0.23111065779894277,0.3701314449240918,0.3479291855151514,0.6479689049177462,0.0021460771359433917,0.0022262014228330296,0.6015334318596923,1.2982513323276401,-0.0003466923059833221
V290,1.097133190726959,1.2651372150428344,0.5371655555756806,2.0544810424005493,1.7547646246507398e-05,9.679136621010276e-05,0.1531300171536658,1.382982029574274,-7.222798529236781e-05
V291,1.5965549856369996,3.4045302744300856,219.70119634571608,1486.8990772490956,1.7547646246507398e-05,9.679136621010276e-05,1.1324228135316825,793.7076344400302,-4.963419404686422e-05
V292,1.2206672785053354,1.7708242582643627,12.334948688043635,66.81015744738053,1.7547646246507398e-05,9.679136621010276e-05,0.45070183288002563,44.62740151930663,-6.491836175098143e-05
V293,0.960243355028454,0.4559314650791346,439.15286624127697,2.9359692932698236,1.7547646246507398e-05,9.679136621010276e-05,-0.5251917519745561,-454.27744400801515,-8.252462206442158e-05
V294,2.281948244063966,3.194133875417453,1564.7815057044666,1494.3167632635862,1.7547646246507398e-05,9.679136621010276e-05,0.39973984235898286,-30.879202726959477,-3.472634410957046e-05
V295,1.4417364051612043,1.2041527515609118,695.8771119052413,72.67438933658838,1.7547646246507398e-05,9.679136621010276e-05,-0.1647899385420094,-432.2584352713012,-5.496408336497192e-05
V296,0.3263302465119387,0.4002522190425377,10.821594579620658,6.156728690748009,0.0021460771359433917,0.0022262014228330296,0.226525041183685,-14.29492343640903,-0.0002455312915246628
V297,0.08873123026951903,0.09738154009970476,0.3999296419534098,0.25402073288090005,1.7547646246507398e-05,9.679136621010276e-05,0.09748889769600422,-1.6443918181830104,-0.0008930758620487333
V298,0.29804673722114106,0.3204104351193069,10.32261734482001,3.416983684390619,1.7547646246507398e-05,9.679136621010276e-05,0.07503419801429567,-23.169633476999394,-0.0002658768242270644
V299,0.17175586584238076,0.16886888340351386,3.0525437196868728,0.777048231645941,1.7547646246507398e-05,9.679136621010276e-05,-0.01680863954606515,-13.24842954783937,-0.00046137416952220315
V300,0.04411118184344083,0.08400834262986856,0.08041725817790313,0.17707108801731994,0.0021460771359433917,0.0022262014228330296,0.9044681896764979,2.1911412435617814,-0.001816416689401218
V301,0.050056800796266274,0.10564097589367998,0.09603067805029479,0.24427211653587336,0.0021460771359433917,0.0022262014228330296,1.1104220448215245,2.9614644988785597,-0.001600667354187253
V302,0.23956642514832407,0.5881128696578094,0.22311763128933051,0.3659651752559515,1.7547646246507398e-05,9.679136621010276e-05,1.454905228450472,0.5962753081037087,-0.00033077974058565493
V303,0.2683819206937759,0.6901892454382653,0.3707838900465242,0.71654895256778,1.7547646246507398e-05,9.679136621010276e-05,1.5716681796378231,1.2883321709131597,-0.0002952647471884387
V304,0.25098136933705584,0.6290111804849717,0.2670472333306396,0.47179916255650095,1.7547646246507398e-05,9.679136621010276e-05,1.5062066644486274,0.8158052917102759,-0.00031573546742895837
V305,1.0000070191816688,1.0,7.0191447169568544e-06,0.0,1.7547646246507398e-05,9.679136621010276e-05,-7.019132400198913e-06,-7.01909544865075e-06,-7.924316374143305e-05
V306,140.58199404651484,116.76534920703678,5711217.752087495,162304.00311564695,1.7547646246507398e-05,9.679136621010276e-05,-0.16941461814517844,-39471.01324466817,-5.636832832046452e-07
V307,403.7081032229967,545.881593400184,19640337.72107874,9596673.409666078,1.7547646246507398e-05,9.679136621010276e-05,0.35216902767655056,-24878.530381801203,-1.9628964425275212e-07
V308,228.54123299363127,282.0447877715754,9424354.352596458,1066399.577168524,1.7547646246507398e-05,9.679136621010276e-05,0.23410897927305352,-36570.88336291965,-3.4673708076915657e-07
V309,10.547605655575921,23.363124730326096,13600.291129624411,11006.194108855203,1.7547646246507398e-05,9.679136621010276e-05,1.2150168951353746,-245.94179053308235,-7.512958158584901e-06
V310,117.45155912529822,138.7192255608266,123230.8146536544,161851.92036983554,1.7547646246507398e-05,9.679136621010276e-05,0.18107606739251425,328.8258240572171,-6.746927887015749e-07
V311,4.176830772971248,4.901211152068759,10795.601578617476,1792.6939311087954,1.7547646246507398e-05,9.679136621010276e-05,0.17342823266507712,-2155.4398865684316,-1.8972212251545018e-05
V312,37.94229211592166,73.144118941267,28880.450099078407,49057.996705671285,1.7547646246507398e-05,9.679136621010276e-05,0.9277728060760371,531.7956686682566,-2.088532757100946e-06
V313,20.593754031111544,42.25073534121608,8808.320881834286,19476.632050592692,0.0021460771359433917,0.0022262014228330296,1.051628628631125,518.0362527706943,-3.8907081617364165e-06
V314,42.04524684716935,78.45638827621437,28768.4930953965,66794.36608660113,0.0021460771359433917,0.0022262014228330296,0.8659989929752632,904.403609031604,-1.9056681289298266e-06
V315,25.732347025797228,56.44721249949604,12847.414776345644,35011.64223633446,0.0021460771359433917,0.0022262014228330296,1.1936286046082971,861.3371892493408,-3.1137574357019045e-06
V316,111.09808360740955,74.52658101290292,5335737.455831271,112950.86659571841,1.7547646246507398e-05,9.679136621010276e-05,-0.3291821191420401,-47010.591178975345,-7.132771096540346e-07
V317,243.81015558790511,352.32330361548406,16107094.845334707,8483287.724626593,1.7547646246507398e-05,9.679136621010276e-05,0.4450723054005632,-31269.440365700313,-3.2502222794006725e-07
V318,161.6230428253025,176.781527225347,8056672.698860942,799474.7269105652,1.7547646246507398e-05,9.679136621010276e-05,0.09378912892036828,-44902.00063733885,-4.902996415507996e-07
V319,18.36863109088603,18.478514298182894,113875.79520820492,15290.061936419861,1.7547646246507398e-05,9.679136621010276e-05,0.005982111936005063,-5367.070239692514,-4.314078690540731e-06
V320,41.62586612923151,54.40954517970836,228899.76692472192,94464.73855776216,1.7547646246507398e-05,9.679136621010276e-05,0.30710902232733583,-3229.60314986824,-1.9037134198619578e-06
V321,28.20458028180199,31.691672502497113,150109.77733657754,31623.994145479606,1.7547646246507398e-05,9.679136621010276e-05,0.12363567143543142,-4200.941194914597,-2.809604651863037e-06
V322,6.481510201487319,0.6454150841020075,3283.9783300695112,1.8810196784047013,0.861961440802138,0.821613512074723,-0.9004221139767853,-506.3784840819906,0.006225081419783357
V323,13.642789042140723,1.600379815518177,11920.11784770777,13.76237706058569,0.861961440802138,0.821613512074723,-0.8826940876550373,-872.7215112591764,0.002957454564663114
V324,9.567215407106083,1.019262072707542,5671.575140452238,5.096779482452582,0.861961440802138,0.821613512074723,-0.8934630371183572,-592.2808382427544,0.004217311622088746
V325,0.05798004195004131,0.0694519804666305,0.0911033386131631,0.1259756561738243,0.861961440802138,0.821613512074723,0.19786012791218766,0.6014538173447521,0.6958934034953081
V326,0.8568867984491196,0.7262615301139447,15.971102811666583,7.773893591284932,0.861961440802138,0.821613512074723,-0.15244168607988096,-9.566268537708586,0.04708664995241
V327,0.29694273183753894,0.2900162778079219,1.8745895800748364,1.5818107460036177,0.861961440802138,0.821613512074723,-0.023325891786456054,-0.9859774383412141,0.135877812121328
V328,0.34057077480455095,0.25610417797069995,2.584546531732575,0.6187890518305724,0.861961440802138,0.821613512074723,-0.24801481243458212,-5.771949989044494,0.11847149465649287
V329,1.356689760376279,0.37710255018990774,80.4040811808909,1.13102508961629,0.861961440802138,0.821613512074723,-0.7220421637992476,-58.43123343784077,0.029739981759886257
V330,0.7975338460560605,0.31361909929462833,23.347456543859135,0.922511891781658,0.861961440802138,0.821613512074723,-0.6067638999328646,-28.117859527808903,0.05059086699196819
V331,751.325339096788,90.38469886055344,40443112.83484577,51821.343961198305,0.861961440802138,0.821613512074723,-0.8796996531899082,-53760.0549176756,5.370233988902809e-05
V332,1432.5238272427498,164.85946825827455,130517477.68379737,190346.46057111476,0.861961440802138,0.821613512074723,-0.8849167705813398,-90977.28690075153,2.8165624864386842e-05
V333,1056.1843600083828,127.633749321758,66215510.954348624,115502.7423504978,0.861961440802138,0.821613512074723,-0.8791558044650983,-62583.778661022305,3.820159647800007e-05
V334,9.830807856098646,9.299240368963646,62130.65199948085,2652.458327781013,0.861961440802138,0.821613512074723,-0.05407159766684244,-6050.183722673605,0.004104233275435724
V335,59.6223457699941,49.394465545306566,155383.99887163437,40742.72033842527,0.861961440802138,0.821613512074723,-0.17154441162284617,-1922.790474824024,0.0006767249460976548
V336,28.67367177277203,25.48399348887683,78273.14152925895,13909.606120926961,0.861961440802138,0.821613512074723,-0.1112406638805169,-2244.6910852013857,0.0014071420307506142
V337,56.1775796103582,37.74226804123711,466847.55912871123,20307.7343703227,0.861961440802138,0.821613512074723,-0.3281613714401097,-7948.719539993391,0.0007182212015409706
V338,155.74869128645304,53.24226804123711,1253121.2975189646,36195.20831876233,0.861961440802138,0.821613512074723,-0.6581527099748535,-7813.395278949931,0.0002590578989405893
V339,103.28759041567187,45.49647314161693,693658.0274269672,30964.13173789711,0.861961440802138,0.821613512074723,-0.5595165599418057,-6416.006928055118,0.00039063675089174107
id_01,-9.667667306173119,-16.075631737056018,184.74594249099633,416.05825388646105,0.7667654599150343,0.4522576586168514,0.6628242602836785,-23.926383073584287,-0.03253192226602166
id_02,172396.36289240263,201522.56923899482,25021360348.307404,30109885817.358852,0.772494766414507,0.4569036441949378,0.1689490767550048,29516.431690773774,1.8306135751630584e-06
id_03,0.051594271431466596,0.13174915635545556,0.23896538651225055,1.3423640895084996,0.8960968770453975,0.6558099017567633,1.553561717223972,21.386070049693583,4.657241368507564
id_04,-0.044433560764709855,-0.1796962879640045,0.3405802182301945,1.7311697572749265,0.8960968770453975,0.6558099017567633,3.044156823612556,-31.295928462910176,-5.407781216568076
id_05,1.6279561179825712,1.4737752686213805,27.51587754269551,28.05882408499799,0.7791049647555526,0.4685186081401539,-0.0947082342442116,0.33351423684277315,0.19078300280003235
id_06,-6.566518116028376,-8.21398652340193,270.3542981566502,287.85202911119256,0.7791049647555526,0.4685186081401539,0.2508891894095606,-2.664689359773747,-0.047298484695759965
id_07,13.574962994290548,10.070422535211268,126.53927149291964,152.66326429163215,0.991701718090044,0.9793834389972415,-0.25816206353956495,1.9244246050394331,0.0009074263479011687
id_08,-38.150348910974834,-43.5962441314554,670.549513943379,764.5801270367302,0.991701718090044,0.9793834389972415,0.14274824152168963,-2.464737958564283,-0.00032288771779119817
id_09,0.0811338470021908,0.17580171202248626,0.8949343845855323,1.5860077746303423,0.8822570484508061,0.6212069883366405,1.1668109983462167,8.517695334058908,3.2175235091110213
id_10,-0.3116439887330661,-0.21093650185256166,8.437601903955452,2.1434633063431408,0.8822570484508061,0.6212069883366405,-0.32314913979221305,20.19656667596903,-0.8376547263928267
id_11,99.74270073247456,99.7756766273198,1.2930869974876222,1.0207185377931152,0.7723017423057958,0.4570972269273581,0.0003306096045432305,-0.002730710695562993,0.003160176264164586
id_12,0.15001316630929543,0.11212228308888496,0.12751017557938937,0.09955967330212999,0.7667654599150343,0.4522576586168514,-0.2525837175004191,-0.18632032750799593,2.0965346511634473
id_13,48.12235719425693,47.28919531545145,137.4112735451116,151.65188286994308,0.7951628158356978,0.48758650728355035,-0.017313405397874182,0.2959250160449536,0.006391547016505138
id_14,-345.66912966716797,-319.68147527242246,8523.260475263904,13597.998010567513,0.8658219229763615,0.8267918501669651,-0.07518072099689099,-14.680910442277234,-0.00011291165296414241
id_15,0.3150358730917134,0.4124933166993406,0.09901846078213006,0.08377759887699425,0.7722964780119219,0.4569036441949378,0.3093534798154729,-0.04837817914374114,1.0011330796133393
id_16,0.4967949793603383,0.7005516154452325,0.24999182530070937,0.20979971539291764,0.7908531139175646,0.5086870251173595,0.4101423012512053,-0.08090281016837603,0.5679729073822679
id_17,188.11369746654927,204.99139960166576,902.9569454494399,889.3839912143193,0.7748233390714137,0.4654212844214296,0.08972075060146922,-0.0721529288824605,0.0016447609016084675
id_18,14.213881772922809,14.49718875502008,2.4688388793202294,2.01920741347823,0.9273913493613534,0.8192421236025746,0.01993171088822243,-0.03163326338471024,0.007608704468388155
id_19,354.85495010913627,333.0601558253307,20214.85466878196,15904.611584355529,0.7748987939502735,0.4658084498862701,-0.06141888193218814,-12.146492765849285,0.0008710329219556952
id_20,401.1337050612181,435.83800199437945,23355.825052263703,19685.108568410145,0.7749865321815058,0.46614721966800565,0.0865155345843227,-9.15085528226395,0.0007699161367314356
id_21,364.4793999577435,410.38262910798124,37704.167633452205,58137.502662248,0.9916946990315454,0.9793834389972415,0.12594190276750794,56.06170069190403,3.3777656667924896e-05
id_22,15.757959097617542,18.727699530516432,42.18729165838568,99.72332504832919,0.9916771513852989,0.9793834389972415,0.18845971197804978,3.651236370999492,0.0007801589223515708
id_23,0.21863799283154123,0.25234741784037557,0.1221578240054179,0.10264153548743439,0.9916771513852989,0.9793834389972415,0.15417917340106202,-0.08926302453307211,0.0562286189552135
id_24,12.802301495972381,12.786069651741293,5.322094149410744,8.961600972692647,0.9923755477059085,0.980544935391763,-0.0012678848593118408,0.2842853548189672,0.0009241004297444041
id_25,328.62226935312833,340.76498800959234,9387.00726807762,10650.968675059952,0.9917262847947891,0.9798190001451871,0.03695038282209584,3.8462439245835625,3.6233955395173676e-05
id_26,148.1129168425496,159.7435294117647,1021.5247180682363,1009.2383129855715,0.9916859252084221,0.9794318346803466,0.07852530904903432,-0.08295296146065238,8.273478633266135e-05
id_27,0.0029517183217372973,0.0,0.0029436263060935624,0.0,0.9916771513852989,0.9793834389972415,-1.0,-0.9972585407001261,4.164934132611171
id_28,0.5271192971639951,0.6982528079871635,0.24926646470210076,0.2107146077415127,0.7723017423057958,0.4570972269273581,0.3246580266438739,-0.07313687274968794,0.5979756709236405
id_29,0.5171008014796548,0.6977179532893564,0.24970948698369017,0.2109264134442549,0.7723017423057958,0.4570972269273581,0.34928809101218916,-0.07500099289821191,0.6095610652246096
id_30,0.2545398426501459,0.3301309735069177,0.0933769682794157,0.11402022306279781,0.869931581727285,0.8334220587523593,0.296971704192764,0.08110028893101572,0.1434334310684182
id_31,0.30858292176811514,0.3868543897231133,0.08717328685213241,0.09486397868158405,0.7734405845471918,0.45937182403329624,0.25364808754327406,0.024922610056919554,1.0177775189707443
id_32,26.452390908477778,27.71602434077079,13.744944475024576,17.259624305494313,0.8699105245517893,0.8329864976044137,0.04777010277313076,0.13286813440154138,0.0013958672800174659
id_33,0.04876230437538105,0.05771184718553139,0.008051080155828129,0.010524286758024309,0.8772963288569288,0.8372453177176595,0.18353404181342903,0.050719641614083454,0.821351895737931
id_34,0.07654736275565124,0.10980392156862744,0.020861568941616396,0.025890907453681812,0.8695858930962296,0.8313410443788414,0.4344572773739481,0.06570230940704898,0.4996233356787293
id_35,0.42713254163359354,0.6901621814293353,0.2446922191968099,0.2138574017315568,0.7722964780119219,0.4569036441949378,0.6158033260349807,-0.07219027926863995,0.738395704084605
id_36,0.05143993280056719,0.021743004811976475,0.04879424213988849,0.021272142128676393,0.7722964780119219,0.4569036441949378,-0.5773127290761793,-0.5350337473790135,6.131283939264915
id_37,0.21973135639589098,0.18000356442701837,0.17145080867344795,0.14761543533173718,0.7722964780119219,0.4569036441949378,-0.1808016507998743,-0.10847506579246007,1.4353565143826785
id_38,0.5139600656581614,0.6441810728925326,0.2498070416690575,0.22923224525977032,0.7722964780119219,0.4569036441949378,0.2533679480868112,-0.040031896997560976,0.6136524117162717
DeviceType,0.614287147277371,0.4954062973864954,0.23694027622417957,0.25000119753036615,0.772584259410364,0.4574359967090935,-0.19352651348441274,0.021261915317738432,0.5130308587735608
DeviceInfo,0.056440432777295955,0.12129303911642501,0.02413342193451093,0.04704924320258923,0.8068723601759678,0.5834583555146882,1.149045164040929,0.4060178163144161,3.9584034648145248
